id,name,pack,type,rarity,image_id,cost,description
1,不屈のファイター,0,0,0,10001110,2,【エンハンス_4】これは+3/+3する。
2,ベルエンジェル・リア,0,0,0,10001120,2,"【守護】
【ラストワード】自分のデッキから1枚を引く。
【進化時】自分のデッキから1枚を引く。"
3,探偵のルーペ,0,0,0,10001210,2,【アクト】これを破壊。相手の場のフォロワー1枚を選ぶ。それは【守護】を失う。
4,煌響の使者・アンリエット,0,0,1,10002110,3,"【進化時】自分のリーダーを2回復。
【超進化時】2回復ではなく4回復。"
5,冒険者のギルド,0,0,1,10002210,3,"【ファンファーレ】自分のデッキからフォロワー1枚を引く。
【アクト】これを破壊。自分の場のフォロワー1枚を選ぶ。それは【突進】を持つ。"
6,激震のゴリアテ,0,0,0,10001130,4,【守護】
7,キャラバンマンモス,0,0,1,10002120,7,
8,アドベンチャーエルフ・メイ,0,1,1,10012110,1,【ファンファーレ】【コンボ_3】相手の場のフォロワー1枚を選ぶ。それに3ダメージ。
9,虫の知らせ,0,1,1,10012310,1,自分の場のカード1枚を選ぶ。それを手札に戻す。相手の場のフォロワーからランダム1枚に2ダメージ。
10,フェアリーテイマー,0,1,0,10011110,2,【ファンファーレ】『フェアリー』2枚を自分の手札に加える。
11,ストレイビーストマン,0,1,0,10011120,2,【ファンファーレ】自分の【コンボ】を+1する。
12,繚乱の庭,0,1,0,10011210,2,"【ファンファーレ】『フェアリー』1枚を自分の手札に加える。
【カウントダウン_2】
自分の妖精・フォロワーが場に出たとき、相手の場のフォロワーからランダム1枚に1ダメージ。"
13,温厚なるトレント,0,1,0,10011130,4,"【ファンファーレ】【コンボ_3】これは進化する。
【攻撃時】自分のリーダーを2回復。"
14,ソニックアーチャー・セルウィン,0,1,1,10012120,7,"【疾走】
【超進化時】相手の場のフォロワー1枚を選ぶ。それを手札に戻す。"
15,刹那のクイックブレイダー,0,2,0,10021110,1,【疾走】
16,王家の御者,0,2,1,10022110,2,【ラストワード】『ナイト』1枚を自分の場に出す。
17,メイドの作法,0,2,0,10021310,2,自分の手札1枚を選ぶ。それをデッキに戻す。自分のデッキからロイヤル・フォロワー2枚を引く。
18,魔弾のトリックスター・ラスティ,0,2,1,10022120,3,【超進化時】自分のデッキから『魔煌のトリックスター・ラスティ』すべてを引く。それは【疾走】を持つ。
19,バトルマーチャント,0,2,0,10021120,4,"【突進】
【ラストワード】自分のデッキから1枚を引く。"
20,正統なる王冠,0,2,1,10022210,4,"【カウントダウン_4】
自分のフォロワーが場に出たとき、それは+1/+1する。"
21,ケンタウルスの騎士,0,2,0,10021130,8,【疾走】
22,知恵の輝き,0,3,0,10031310,1,自分のデッキから1枚を引く。
23,魔女の錬金釜,0,3,0,10031210,1,"【ファンファーレ】自分のデッキから1枚を引く。
【土の印】
コスト1【アクト】自分の場の土の印を+1する。"
24,真理の召喚,0,3,0,10031320,2,『クレイゴーレム』1枚を自分の場に出す。
25,閃光の魔法剣士,0,3,0,10031110,3,"【ファンファーレ】【モード】1つを選んでその能力が働く。
（1）自分の手札すべては2回スペルブーストする。
（2）【土の秘術_1】これは+2/+2して【守護】を持つ。"
26,相鋭の魔女・レミラミ,0,3,1,10032110,4,"【ファンファーレ】【土の秘術_1】『ガーディアンゴーレム』1枚を自分の場に出す。
【超進化時】自分の場のゴーレム・フォロワー1枚を選ぶ。それは進化する。それは+3/+3する。"
27,イラプション,0,3,0,10032310,4,場のフォロワーすべてに2ダメージ。【土の秘術_1】自分のデッキから1枚を引く。
28,ブレイズデストロイヤー,0,3,1,10032120,10,【スペルブースト時】これのコストを-1する。
29,ドラゴニュートクラッシュ,0,4,0,10041310,1,相手の場のフォロワー1枚を選ぶ。それに2ダメージ。【覚醒】なら、2ダメージではなく4ダメージ。
30,烈火のファイアリザード,0,4,0,10041110,2,【ファンファーレ】相手の場のフォロワー1枚を選ぶ。それに1ダメージ。
31,竜の啓示,0,4,1,10042310,3,自分のPP最大値を+1する。その後、自分のPP最大値が10なら、自分のデッキから1枚を引く。
32,猛撃のドラゴンウォーリアー,0,4,1,10042110,4,"【進化時】相手の場のフォロワー1枚を選ぶ。それに4ダメージ。
【超進化時】1枚を選ぶのではなくすべて。"
33,咆哮の竜使い,0,4,1,10042120,5,【エンハンス_7】『大翼のドラゴン』1枚を自分の場に出す。
34,戦斧の竜殺し,0,4,0,10041120,6,【守護】
35,シャークソルジャー,0,4,0,10041130,8,【ファンファーレ】相手のリーダーに6ダメージ。
36,魅惑のサキュバス・リリム,0,5,1,10052110,1,【ラストワード】『バット』1枚を自分の手札に加える。
37,悪辣のレッサーマミー,0,5,0,10051130,2,【ファンファーレ】【ネクロマンス_4】これは【疾走】を持つ。
38,カオティックカース,0,5,0,10051310,2,"【モード】1つを選んでその能力が働く。
（1）自分のデッキからフォロワー1枚を引く。
（2）【リアニメイト_2】を行う。"
39,魂の捕食,0,5,1,10052310,2,自分の場のフォロワー1枚を選ぶ。それを破壊。自分のデッキから2枚を引く。
40,夜の鬼人,0,5,0,10051120,3,【ファンファーレ】自分のリーダーに1ダメージ。
41,ラバーズネクロマンサー,0,5,1,10052120,4,"【進化時】『ゴースト』2枚を自分の場に出す。
【超進化時】それは【ドレイン】を持つ。"
42,ウルフマスター,0,5,0,10051110,6,"【疾走】
【必殺】"
43,有翼の石像,0,6,1,10062210,1,"【カウントダウン_4】
【ラストワード】『ホーリーファルコン』1枚を自分の場に出す。
コスト1【アクト】これのカウントを-1する。"
44,清純なる白狐,0,6,0,10061120,2,【守護】
45,ウィングウォーリアー,0,6,0,10061130,4,"【ファンファーレ】自分の場の他のフォロワー1枚を選ぶ。それは+1/+1する。
【進化時】【ファンファーレ】と同じ能力が働く。"
46,鉄拳の神父,0,6,1,10062110,4,"【進化時】相手の場の体力3以下のフォロワー1枚を選ぶ。それを消滅。
【超進化時】1枚を選ぶのではなくすべて。"
47,投影の鳥像,0,6,0,10061210,4,"【カウントダウン_2】
【ラストワード】『壮麗なる隼』1枚を自分の場に出す。
コスト2【アクト】これのカウントを-2する。"
48,癒しのシスター,0,6,0,10061110,6,"【ファンファーレ】自分のリーダーを5回復。
【守護】"
49,セイクリッドグリフォン,0,6,1,10062120,8,"【守護】
自分がアミュレットを【アクト】したとき、これは【疾走】を持つ。"
50,マリオネットランサー,0,7,0,10071120,2,【ファンファーレ】『改良型・操り人形』1枚を自分の手札に加える。
51,エレクトロウィッパー,0,7,1,10072110,2,【ファンファーレ】『パスト・コア』1枚を自分の手札に加える。
52,ドールズシアター,0,7,1,10072210,2,"【ファンファーレ】『操り人形』1枚を自分の手札に加える。
【カウントダウン_2】
自分のターン終了時、『操り人形』1枚を自分の手札に加える。"
53,砲撃の猫獣人,0,7,0,10071110,3,"【ファンファーレ】『フューチャー・コア』1枚を自分の手札に加える。
【突進】"
54,異次元からの銃撃,0,7,0,10071310,4,相手の場のフォロワー1枚を選ぶ。それを破壊。『フューチャー・コア』1枚と『パスト・コア』1枚を自分の手札に加える。
55,魔鋼の騎兵,0,7,1,10072120,5,"【守護】
【進化時】『魔鋼の騎兵』1枚を自分の場に出す。
【超進化時】1枚ではなく2枚。"
56,獣性の鉄人,0,7,0,10071130,6,"【必殺】
【守護】"
